{
  "middleware.ts": 1779263769.9375632,
  "postcss.config.mjs": 1778183903.7571843,
  "next-env.d.ts": 1779263491.789085,
  "playwright.config.ts": 1778183903.7564023,
  "vitest.config.ts": 1778183903.7595606,
  "environment.d.ts": 1778183903.7532477,
  "eslint.config.mjs": 1778183903.753617,
  "next.config.ts": 1779260367.526146,
  "types/db.ts": 1779221135.2406824,
  "app/apple-icon.tsx": 1778242545.9325845,
  "app/icon.tsx": 1778242542.1757078,
  "app/layout.tsx": 1779227595.3512206,
  "app/error.tsx": 1778183903.7469463,
  "app/loading.tsx": 1778183903.7472696,
  "app/not-found.tsx": 1778183903.7473521,
  "app/(app)/layout.tsx": 1778183903.74072,
  "app/(app)/task-sequence-progress/utils.ts": 1778183903.7443092,
  "app/(app)/task-sequence-progress/page.tsx": 1778183903.744222,
  "app/(app)/task-sequence-progress/_components/step-component.tsx": 1778183903.744129,
  "app/(app)/pagination-demo/table-example.tsx": 1778183903.743904,
  "app/(app)/pagination-demo/actions.ts": 1778183903.7436087,
  "app/(app)/pagination-demo/loading.tsx": 1778183903.7436903,
  "app/(app)/pagination-demo/page.tsx": 1778183903.7437792,
  "app/(app)/pagination-demo/_components/data-table-row-actions.tsx": 1778183903.7426033,
  "app/(app)/pagination-demo/_components/columns.tsx": 1778183903.7422051,
  "app/(app)/pagination-demo/_components/table-demo.tsx": 1778183903.7430367,
  "app/(app)/pagination-demo/_components/data-table-column-header.tsx": 1778183903.742304,
  "app/(app)/pagination-demo/_components/header-fixed-scroll-table.tsx": 1778183903.742903,
  "app/(app)/pagination-demo/_components/table-loading.tsx": 1778183903.7431386,
  "app/(app)/pagination-demo/_components/data-table-faceted-filter.tsx": 1778183903.7424212,
  "app/(app)/pagination-demo/_components/data-table-view-options.tsx": 1778183903.7427838,
  "app/(app)/pagination-demo/_components/data-table-pagination.tsx": 1778183903.7425125,
  "app/(app)/pagination-demo/_components/data-table-toolbar.tsx": 1778183903.7426932,
  "app/(app)/pagination-demo/_data/schema.ts": 1778183903.743382,
  "app/(app)/pagination-demo/_data/index.ts": 1778183903.743291,
  "app/(app)/loading-and-streaming/action.ts": 1778183903.7416863,
  "app/(app)/loading-and-streaming/layout.tsx": 1778183903.7417643,
  "app/(app)/loading-and-streaming/loading.tsx": 1778183903.74186,
  "app/(app)/loading-and-streaming/page.tsx": 1778183903.7419941,
  "app/(app)/loading-and-streaming/_components/client-button.tsx": 1778183903.7411647,
  "app/(app)/loading-and-streaming/_components/egg-groups.tsx": 1778183903.7414973,
  "app/(app)/loading-and-streaming/_components/prompt-activity.tsx": 1778183903.7415917,
  "app/(app)/loading-and-streaming/_components/egg-group-content.tsx": 1778183903.7412612,
  "app/(app)/line-chart/page.tsx": 1778183903.7409565,
  "app/auth/confirm/route.ts": 1779225650.0657802,
  "app/library/page.tsx": 1779265508.599825,
  "app/library/library-filters.tsx": 1778242607.7904294,
  "app/icon-512/route.tsx": 1778242553.951898,
  "app/(authenticated)/layout.tsx": 1778183903.7459075,
  "app/(authenticated)/dashboard/page.tsx": 1778183903.7458181,
  "app/(authenticated)/dashboard/_components/user-nav.tsx": 1778183903.7455578,
  "app/(authenticated)/dashboard/_components/recent-sales.tsx": 1778183903.7452507,
  "app/(authenticated)/dashboard/_components/team-switcher.tsx": 1778183903.745461,
  "app/(authenticated)/dashboard/_components/search.tsx": 1778183903.745341,
  "app/(authenticated)/dashboard/_components/overview.tsx": 1778183903.7451494,
  "app/(authenticated)/dashboard/_components/main-nav.tsx": 1778183903.7450414,
  "app/(practice)/home/home-client.tsx": 1779229564.9685247,
  "app/(practice)/home/page.tsx": 1779229575.4115288,
  "app/(practice)/record/recording-client.tsx": 1778442394.080907,
  "app/(practice)/record/page.tsx": 1778411753.1824465,
  "app/(practice)/setup/setup-client.tsx": 1779264911.5100675,
  "app/(practice)/setup/page.tsx": 1778768204.8082082,
  "app/(practice)/feedback/[id]/feedback-polling.tsx": 1779261445.8668373,
  "app/(practice)/feedback/[id]/page.tsx": 1779264818.8282504,
  "app/(practice)/account/account-client.tsx": 1779226160.31613,
  "app/(practice)/account/page.tsx": 1779226137.4810913,
  "app/(practice)/upload/upload-client.tsx": 1779214038.1876607,
  "app/(practice)/upload/page.tsx": 1779213986.4755895,
  "app/icon-192/route.tsx": 1778242550.078948,
  "app/(marketing)/landing-content.tsx": 1779229841.6737103,
  "app/(marketing)/page.tsx": 1779229717.6987226,
  "app/trends/page.tsx": 1778411709.7179775,
  "app/actions/account.ts": 1779226134.0060623,
  "app/actions/auth.ts": 1779224562.1855989,
  "app/api/egg-groups/route.ts": 1778183903.746251,
  "app/api/process/[id]/route.ts": 1779261418.3652189,
  "app/api/reviews/type.ts": 1778183903.746492,
  "app/api/reviews/route.ts": 1778183903.746396,
  "app/(auth)/layout.tsx": 1779229608.2448435,
  "app/(auth)/register/page.tsx": 1779221075.7124577,
  "app/(auth)/login/page.tsx": 1779227765.432565,
  "app/frameworks/page.tsx": 1778411570.3619058,
  "app/frameworks/[id]/page.tsx": 1778240897.3233387,
  "app/demos/page.tsx": 1778183903.746857,
  "app/demos/_components/dropdown.tsx": 1778183903.7466912,
  "app/demos/_components/foo.tsx": 1778183903.746776,
  "app/topics/topics-client.tsx": 1778416715.0522735,
  "app/topics/page.tsx": 1778416634.8644981,
  "constants/site.ts": 1778190480.7954652,
  "constants/config.ts": 1778183903.752737,
  "components/bottom-nav.tsx": 1779229605.2573402,
  "components/notes-tags-editor.tsx": 1778243175.8013086,
  "components/mini-sparkline.tsx": 1778415896.6988103,
  "components/data-table.tsx": 1778183903.7484877,
  "components/body-language-card.tsx": 1778442444.0201375,
  "components/side-nav.tsx": 1779264831.8640745,
  "components/auth-layout-left.tsx": 1778183903.748106,
  "components/transcript-player.tsx": 1778758794.9164085,
  "components/delete-recording-button.tsx": 1779264761.7762747,
  "components/score-sparkline.tsx": 1778242623.6652923,
  "components/counter.tsx": 1778183903.7483819,
  "components/trends-chart.tsx": 1778243187.8476226,
  "components/sever-component-one.tsx": 1778183903.7489724,
  "components/theme-switch-light.tsx": 1778183903.7496893,
  "components/authenticated-layout.tsx": 1779221114.234683,
  "components/keyboard-shortcuts.tsx": 1778240005.7000947,
  "components/auth-sso.tsx": 1778183903.7482212,
  "components/theme-switch.tsx": 1778183903.7497852,
  "components/vl-ring.tsx": 1778411753.1452281,
  "components/vl-arc-gauge.tsx": 1778411753.1290572,
  "components/text-splitter.tsx": 1778183903.7496042,
  "components/voice-timeline.tsx": 1778438786.2780216,
  "components/ui/tabs.tsx": 1778183903.7520552,
  "components/ui/card.tsx": 1778183903.7504256,
  "components/ui/slider.tsx": 1778190480.7952425,
  "components/ui/popover.tsx": 1778183903.7512076,
  "components/ui/typing-animation.tsx": 1778183903.7525752,
  "components/ui/chart.tsx": 1778183903.7505462,
  "components/ui/scroll-area.tsx": 1778183903.7512884,
  "components/ui/label.tsx": 1778183903.7511044,
  "components/ui/sonner.tsx": 1778183903.751685,
  "components/ui/accordion.tsx": 1778183903.749925,
  "components/ui/tooltip.tsx": 1778183903.7524555,
  "components/ui/alert.tsx": 1778183903.7500074,
  "components/ui/switch.tsx": 1778183903.7518735,
  "components/ui/breadcrumb.tsx": 1778183903.7502575,
  "components/ui/command.tsx": 1778183903.750737,
  "components/ui/toggle-group.tsx": 1778183903.7522573,
  "components/ui/avatar.tsx": 1778183903.7500904,
  "components/ui/dialog.tsx": 1778183903.7508235,
  "components/ui/badge.tsx": 1778183903.750174,
  "components/ui/table.tsx": 1778183903.7519674,
  "components/ui/separator.tsx": 1778183903.751511,
  "components/ui/button.tsx": 1778183903.7503407,
  "components/ui/toggle.tsx": 1778183903.7523527,
  "components/ui/checkbox.tsx": 1778183903.7506292,
  "components/ui/spinner.tsx": 1778183903.751778,
  "components/ui/dropdown-menu.tsx": 1778183903.7509444,